[
  {
    "id": "5f3f2509-47cd-43b1-ae5a-31a3867f8ced",
    "data": [
      {
        "text": "Let me eat something",
        "userDefined": false
      }
    ],
    "isTemplate": false,
    "count": 0,
    "updated": 1520064339
  },
  {
    "id": "80439884-ba67-41bd-9ed7-5600c3b1c727",
    "data": [
      {
        "text": "I\u0027m hungry",
        "userDefined": false
      }
    ],
    "isTemplate": false,
    "count": 0,
    "updated": 1520064339
  },
  {
    "id": "71d27871-f28b-437f-8a5a-7ea36d695449",
    "data": [
      {
        "text": "feed me",
        "userDefined": false
      }
    ],
    "isTemplate": false,
    "count": 0,
    "updated": 1520064339
  },
  {
    "id": "947446ff-c6b7-4112-9e2d-973b77f1c5f4",
    "data": [
      {
        "text": "I want food",
        "userDefined": false
      }
    ],
    "isTemplate": false,
    "count": 0,
    "updated": 1520064339
  }
]