{
  "Name": "GoogleApiModel",
  "Version": "1.0",
  "References": [
    {
      "Name": "XConnect",
      "Version": "1.0"
    },
    {
      "Name": "Sitecore.XConnect.Collection.Model",
      "Version": "9.0"
    }
  ],
  "Types": {
    "Helixbase.Foundation.xConnect.Models.Facets.Interaction.GoogleApiFacet": {
      "Type": "Facet",
      "BaseType": "Sitecore.XConnect.Facet",
      "ClrType": "Helixbase.Foundation.xConnect.Models.Facets.Interaction.GoogleApiFacet, Helixbase.Foundation.xConnect, Version=1.0.0.0, Culture=neutral, PublicKeyToken=null",
      "Properties": {
        "GoogleApiFacetInfoList": {
          "Type": [
            "Helixbase.Foundation.xConnect.Models.Facets.Interaction.GoogleApiFacetInfo"
          ]
        }
      }
    },
    "Helixbase.Foundation.xConnect.Models.Facets.Interaction.GoogleApiFacetInfo": {
      "Type": "Complex",
      "ClrType": "Helixbase.Foundation.xConnect.Models.Facets.Interaction.GoogleApiFacetInfo, Helixbase.Foundation.xConnect, Version=1.0.0.0, Culture=neutral, PublicKeyToken=null",
      "Properties": {
        "ZipCode": {
          "Type": "String"
        },
        "RestaurantType": {
          "Type": "String"
        }
      }
    },
    "Helixbase.Foundation.xConnect.Models.Facets.CustomEvent": {
      "Type": "Event",
      "BaseType": "Sitecore.XConnect.Event",
      "ClrType": "Helixbase.Foundation.xConnect.Models.Facets.CustomEvent, Helixbase.Foundation.xConnect, Version=1.0.0.0, Culture=neutral, PublicKeyToken=null",
      "Properties": {
        "ContactInfo": {
          "Type": "String"
        }
      }
    }
  },
  "Facets": [
    {
      "Target": "Contact",
      "Name": "GoogleApiFacet",
      "Type": "Helixbase.Foundation.xConnect.Models.Facets.Interaction.GoogleApiFacet"
    }
  ]
}